[
  {
    "title": "JVC LT-32CF600 Fire TV Edition 32\" Smart HD Ready LED TV",
    "link": "https://www.amazon.co.uk/gp/slredirect/picassoRedirect.html/ref=pa_sp_atf_aps_sr_pg1_1?ie=UTF8&adId=A053314828E6MRCAN4WVE&url=%2FJVC-Fire-TV-Edition-32%25E2%2580%259D-Smart-HD-Ready-LED-TV%2Fdp%2FB08N1CNHXL%2Fref%3Dsr_1_1_sspa%3Fdchild%3D1%26keywords%3Dtv%26qid%3D1630590594%26sr%3D8-1-spons%26psc%3D1&qualifier=1630590594&id=6486740737393298&widgetName=sp_atf",
    "image": "https://m.media-amazon.com/images/I/61sSAuEPVPL._AC_UY436_FMwebp_QL65_.jpg",
    "isSponsored": false,
    "price": 209.99,
    "previousPrice": 249.99,
    "rating": 4.1,
    "numberOfReviews": 1609,
    "resultPage": 1,
    "resultPosition": 1
  },
  {
    "title": "JVC Fire TV Edition 43\" Smart 4K Ultra HD HDR LED TV",
    "link": "https://www.amazon.co.uk/gp/slredirect/picassoRedirect.html/ref=pa_sp_atf_aps_sr_pg1_1?ie=UTF8&adId=A06961933IE0HZUX0EYTH&url=%2F43-fire-tv-edition-smart-4k-ultra-hd-hdr-led-tv%2Fdp%2FB08PC3F7G9%2Fref%3Dsr_1_2_sspa%3Fdchild%3D1%26keywords%3Dtv%26qid%3D1630590594%26sr%3D8-2-spons%26psc%3D1&qualifier=1630590594&id=6486740737393298&widgetName=sp_atf",
    "image": "https://m.media-amazon.com/images/I/51GuQJplWRL._AC_UY436_FMwebp_QL65_.jpg",
    "isSponsored": false,
    "price": 299.00,
    "previousPrice": 379.99,
    "rating": 4.1,
    "numberOfReviews": 1717,
    "resultPage": 1,
    "resultPosition": 2
  }
]
