[
  {
    "title": "Tiksounds Wireless Earbuds 5.1, Bluetooth Headphones in-Ear, 35H Playtime, USB-C Fast Charge, Wireless Earphones Deep Bass, Touch Control, IPX7 Waterproof Sport Wireless Headphones",
    "link": "https://www.amazon.co.uk/gp/slredirect/picassoRedirect.html/ref=pa_sp_atf_aps_sr_pg1_1?ie=UTF8&adId=A07676503UIVHHZAQN28L&url=%2FTiksounds-headphones-Bluetooth-Waterproof-black%2Fdp%2FB08LGRK6MT%2Fref%3Dsr_1_1_sspa%3Fkeywords%3Dheadphones%26qid%3D1656108783%26sr%3D8-1-spons%26psc%3D1&qualifier=1656108783&id=4189416066734272&widgetName=sp_atf",
    "image": "https://m.media-amazon.com/images/I/61Xw3opyuNL._AC_SY355_.jpg",
    "isSponsored": false,
    "price": null,
    "numberOfReviews": 14484,
    "rating": 4.4,
    "resultPage": 1,
    "resultPosition": 1
  },
  {
    "title": "JBL Tune510BT - Wireless on-ear headphones featuring Bluetooth 5.0, up to 40 hours battery life and speed charge, in black",
    "link": "https://www.amazon.co.uk/gp/slredirect/picassoRedirect.html/ref=pa_sp_atf_aps_sr_pg1_1?ie=UTF8&adId=A046213928YTKG4NDM55J&url=%2FJBL-Tune510BT-ear-headphones-featuring-Black%2Fdp%2FB08VD6SRBZ%2Fref%3Dsr_1_2_sspa%3Fkeywords%3Dheadphones%26qid%3D1656108783%26sr%3D8-2-spons%26psc%3D1&qualifier=1656108783&id=4189416066734272&widgetName=sp_atf",
    "image": "https://m.media-amazon.com/images/I/71+u7587bjL._AC_SY450_.jpg",
    "isSponsored": false,
    "price": 29.99,
    "previousPrice": 39.99,
    "numberOfReviews": 2731,
    "rating": 4.6,
    "resultPage": 1,
    "resultPosition": 1
  },
  {
    "title": "Sony MDR-ZX110 Overhead Headphones - Black",
    "link": "https://www.amazon.co.uk/Sony-MDRZX110B-AE-Headphones-Black/dp/B00NBR70DO/ref=sr_1_3?keywords=headphones&qid=1656108783&sr=8-3",
    "image": "https://m.media-amazon.com/images/I/71kYRBupfUL._AC_SY606_.jpg",
    "isSponsored": false,
    "price": 13.4,
    "previousPrice": 15,
    "numberOfReviews": 9484,
    "rating": 4.5,
    "resultPage": 1,
    "resultPosition": 1
  },
  {
    "title": "Hama Basic 4 Music Wired Headphones, Over-Ear, 2m Long Cable, black",
    "link": "https://www.amazon.co.uk/Hama-Basic4Music-Black-Red-headphone/dp/B07FLP548T/ref=sr_1_4?keywords=headphones&qid=1656108783&sr=8-4",
    "image": "https://m.media-amazon.com/images/I/61uZLmjSC8L._AC_SX425_.jpg",
    "isSponsored": false,
    "price": 8.34,
    "previousPrice": 13.99,
    "numberOfReviews": 2556,
    "rating": 4.1,
    "resultPage": 1,
    "resultPosition": 1
  },
  {
    "title": "Sony MDRZX310 Foldable Headphones - Metallic Black",
    "link": "https://www.amazon.co.uk/Sony-MDRZX310-Foldable-Headphones-Metallic-Black/dp/B00I3LUWQA/ref=sr_1_5?keywords=headphones&qid=1656108783&sr=8-5",
    "image": "https://m.media-amazon.com/images/I/315k9z8FLDL._AC_.jpg",
    "isSponsored": false,
    "price": 15.99,
    "previousPrice": 25,
    "numberOfReviews": 20950,
    "rating": 4.5,
    "resultPage": 1,
    "resultPosition": 1
  },
  {
    "title": "Sony WH-CH510 Wireless Bluetooth Headphones with Mic, 35 Hours Battery Life with Quick Charge, On-ear Style, Hands-Free Call, Voice Assistant - Black",
    "link": "https://www.amazon.co.uk/Sony-Wh-CH510-Headphones-Hands-Free-Assistant-black/dp/B07WD58H6R/ref=sr_1_6?keywords=headphones&qid=1656108783&sr=8-6",
    "image": "https://m.media-amazon.com/images/I/81M4KUrL5DL._AC_SX425_.jpg",
    "isSponsored": false,
    "price": 34.03,
    "previousPrice": 50,
    "numberOfReviews": 11948,
    "rating": 4.5,
    "resultPage": 1,
    "resultPosition": 1
  },
  {
    "title": "Active Noise Cancelling Wireless Earbuds OREIMAC Bluetooth 5.2 Wireless Earphones Sports Bluetooth Earbuds IPX7 Waterproof ANC in Ear Headphones with Microphone for iPhone Android Running Exercise",
    "link": "https://www.amazon.co.uk/gp/slredirect/picassoRedirect.html/ref=pa_sp_mtf_aps_sr_pg1_1?ie=UTF8&adId=A09744951F8JFNCE2M0LM&url=%2FCancelling-Bluetooth-Waterproof-Headphones-Microphone%2Fdp%2FB09SL3VC7K%2Fref%3Dsr_1_7_sspa%3Fkeywords%3Dheadphones%26qid%3D1656108783%26sr%3D8-7-spons%26psc%3D1&qualifier=1656108783&id=4189416066734272&widgetName=sp_mtf",
    "image": "https://m.media-amazon.com/images/I/516zwOk9ukL._AC_SY355_.jpg",
    "isSponsored": false,
    "price": null,
    "numberOfReviews": 92,
    "rating": 4.4,
    "resultPage": 1,
    "resultPosition": 1
  },
  {
    "title": "Philips Wireless Headphones TAPH805BK/00 Bluetooth Headphones (Bluetooth, Active Noise Cancelling, 30 Hours Battery Life, Hi-Res Audio, Microphone, Google Assistant, Quick Charging Feature) Black",
    "link": "https://www.amazon.co.uk/Philips-Headphones-00-Cancelling-Black/dp/B07Z89CGS5/ref=sr_1_8?keywords=headphones&qid=1656108783&sr=8-8",
    "image": "https://m.media-amazon.com/images/I/61Bl90EcAxL._AC_SX425_.jpg",
    "isSponsored": false,
    "price": 79.5,
    "numberOfReviews": 1188,
    "rating": 4.2,
    "resultPage": 1,
    "resultPosition": 1
  },
  {
    "title": "Sony WH-1000XM5 Noise Cancelling Wireless Headphones - 30 hours battery life - Over-ear style - Optimised for Alexa and the Google Assistant - with built-in mic for phone calls - Silver",
    "link": "https://www.amazon.co.uk/Sony-WH-1000XM5-Cancelling-Wireless-Headphones-Silver/dp/B09Y2LL45F/ref=sr_1_9?keywords=headphones&qid=1656108783&sr=8-9",
    "image": "https://m.media-amazon.com/images/I/41oDse34rKL._AC_SY355_.jpg",
    "isSponsored": false,
    "price": 379,
    "numberOfReviews": 245,
    "rating": 4.3,
    "resultPage": 1,
    "resultPosition": 1
  },
  {
    "title": "Panasonic RB-M700BE-K Deep Bass Wireless Overhead Headphones with Active Noise Cancelling - Black, One Size",
    "link": "https://www.amazon.co.uk/Panasonic-RB-M700BE-K-Wireless-Headphones-Cancelling-Black/dp/B088PF1RTG/ref=sr_1_10?keywords=headphones&qid=1656108783&sr=8-10",
    "image": "https://m.media-amazon.com/images/I/61CBaSU09oL._AC_SX425_.jpg",
    "isSponsored": false,
    "price": 89.99,
    "previousPrice": 149.99,
    "numberOfReviews": 343,
    "rating": 4.2,
    "resultPage": 1,
    "resultPosition": 1
  },
  {
    "title": "Marshall Major IV Foldable Bluetooth Over Ear Headphones, Wireless - Brown",
    "link": "https://www.amazon.co.uk/Marshall-Major-Foldable-Bluetooth-Headphones-Brown/dp/B09CHFX22K/ref=sr_1_11?keywords=headphones&qid=1656108783&sr=8-11",
    "image": "https://m.media-amazon.com/images/I/61Fgz0+ns8L._AC_SY355_.jpg",
    "isSponsored": false,
    "price": 129,
    "numberOfReviews": 2506,
    "rating": 4.8,
    "resultPage": 1,
    "resultPosition": 1
  },
  {
    "title": "Bose SoundLink Around-Ear Wireless Headphones II - Black",
    "link": "https://www.amazon.co.uk/Bose-SoundLink-Around-Ear-Wireless-Headphones/dp/B0117RGG8E/ref=sr_1_12?keywords=headphones&qid=1656108783&sr=8-12",
    "image": "https://m.media-amazon.com/images/I/71jDdUuRi8L._AC_SY679_.jpg",
    "isSponsored": false,
    "price": null,
    "numberOfReviews": 20239,
    "rating": 4.6,
    "resultPage": 1,
    "resultPosition": 1
  },
  {
    "title": "Sennheiser HD 300 Around-Ear Lightweight Foldable Headphones - Black",
    "link": "https://www.amazon.co.uk/gp/slredirect/picassoRedirect.html/ref=pa_sp_mtf_aps_sr_pg1_1?ie=UTF8&adId=A00710811JA97GNWKWPKL&url=%2FSennheiser-Around-Ear-Lightweight-Foldable-Headphones-Black%2Fdp%2FB07N22BN3K%2Fref%3Dsr_1_13_sspa%3Fkeywords%3Dheadphones%26qid%3D1656108783%26sr%3D8-13-spons%26psc%3D1&qualifier=1656108783&id=4189416066734272&widgetName=sp_mtf",
    "image": "https://m.media-amazon.com/images/I/51dDRzowS+L._AC_SY355_.jpg",
    "isSponsored": false,
    "price": 43.19,
    "previousPrice": 44.99,
    "numberOfReviews": 1608,
    "rating": 4.5,
    "resultPage": 1,
    "resultPosition": 1
  },
  {
    "title": "Philips On Ear Headphones UH201WT/00 Headphones with Cable (Foldable, Soft Earpad, Micro, 1.2 Meter Cable) White",
    "link": "https://www.amazon.co.uk/Philips-Headphones-UH201WT-00-Foldable-White/dp/B07YQFLDBK/ref=sr_1_14?keywords=headphones&qid=1656108783&sr=8-14",
    "image": "https://m.media-amazon.com/images/I/517c57BnoCL._AC_SY355_.jpg",
    "isSponsored": false,
    "price": 17.99,
    "numberOfReviews": 5285,
    "rating": 4.5,
    "resultPage": 1,
    "resultPosition": 1
  },
  {
    "title": "Sennheiser HD 350BT Wireless foldable Headphones, Black",
    "link": "https://www.amazon.co.uk/Sennheiser-350BT-Wireless-foldable-Headphones-Black/dp/B083MNJ2VX/ref=sr_1_15?keywords=headphones&qid=1656108783&sr=8-15",
    "image": "https://m.media-amazon.com/images/I/71jsrUhfSlS._AC_SX425_.jpg",
    "isSponsored": false,
    "price": 69,
    "previousPrice": 89.99,
    "numberOfReviews": 2754,
    "rating": 4.4,
    "resultPage": 1,
    "resultPosition": 1
  },
  {
    "title": "Beats Solo3 Wireless On-Ear Headphones - Apple W1 Headphone Chip, Class 1 Bluetooth, 40 Hours Of Listening Time - Black (Latest Model)",
    "link": "https://www.amazon.co.uk/Beats-Solo3-Wireless-Ear-Headphones/dp/B07YVXGFLS/ref=sr_1_16?keywords=headphones&qid=1656108783&sr=8-16",
    "image": "https://m.media-amazon.com/images/I/51QxA-98Q+L._AC_SX522_.jpg",
    "isSponsored": false,
    "price": null,
    "numberOfReviews": 12404,
    "rating": 4.7,
    "resultPage": 1,
    "resultPosition": 1
  },
  {
    "title": "JVC Lightweight Headphones - Black",
    "link": "https://www.amazon.co.uk/JVC-HA-L50-B-E-Lightweight-Headphones-Black/dp/B000I2J4S4/ref=sr_1_17?keywords=headphones&qid=1656108783&sr=8-17",
    "image": "https://m.media-amazon.com/images/I/71omr+mbGuL._AC_SY679_.jpg",
    "isSponsored": false,
    "price": 8.88,
    "numberOfReviews": 3743,
    "rating": 4.4,
    "resultPage": 1,
    "resultPosition": 1
  },
  {
    "title": "JBL Live 660NC - Wireless On-Ear Bluetooth headphones with Active Noise Cancelling technology and up to 50 hours battery life, in black",
    "link": "https://www.amazon.co.uk/gp/slredirect/picassoRedirect.html/ref=pa_sp_mtf_aps_sr_pg1_1?ie=UTF8&adId=A04706593CXFXF4I8A813&url=%2FJBL-Live-660NC-Ear-headphones-Black%2Fdp%2FB08VDMK1V2%2Fref%3Dsr_1_18_sspa%3Fkeywords%3Dheadphones%26qid%3D1656108783%26sr%3D8-18-spons%26psc%3D1&qualifier=1656108783&id=4189416066734272&widgetName=sp_mtf",
    "image": "https://m.media-amazon.com/images/I/81AmgsOULPL._AC_SY450_.jpg",
    "isSponsored": false,
    "price": 109,
    "previousPrice": 149.99,
    "numberOfReviews": 190,
    "rating": 4.3,
    "resultPage": 1,
    "resultPosition": 1
  },
  {
    "title": "Sony WH-H910N Noise Cancelling Wireless Headphones with Mic, 35 Hours Battery Life with Quick Charge, Hi-Res Audio, Touch Control, Google Assistant and Alexa Built-in - Blue",
    "link": "https://www.amazon.co.uk/Sony-Wireless-Cancelling-Headphones-Compatible-Blue/dp/B07X2T4QYP/ref=sr_1_19?keywords=headphones&qid=1656108783&sr=8-19",
    "image": "https://m.media-amazon.com/images/I/81RhYj22Z+L._AC_SX425_.jpg",
    "isSponsored": false,
    "price": 209.16,
    "previousPrice": 250,
    "numberOfReviews": 325,
    "rating": 4.3,
    "resultPage": 1,
    "resultPosition": 1
  },
  {
    "title": "Sony Foldable Headphones with Smartphone Mic and Control - Metallic Blue",
    "link": "https://www.amazon.co.uk/Sony-Foldable-Headphones-Smartphone-Control-Metallic-Blue/dp/B00I3LV3P4/ref=sr_1_20?keywords=headphones&qid=1656108783&sr=8-20",
    "image": "https://m.media-amazon.com/images/I/61gmiEMKAPL._AC_SY679_.jpg",
    "isSponsored": false,
    "price": 14.99,
    "previousPrice": 30,
    "numberOfReviews": 3301,
    "rating": 4.5,
    "resultPage": 1,
    "resultPosition": 1
  },
  {
    "title": "Philips On-Ear Headphones H4205BL/00 with Bass Boost Button (Bluetooth, 29 Hours' Playback Time, Quick Charging Feature, Noise Isolating, Flat Folding), Matte Blue – 2020/2021 Model",
    "link": "https://www.amazon.co.uk/Philips-Headphones-00-Bluetooth-Isolating-Blue/dp/B089WF6N2V/ref=sr_1_21?keywords=headphones&qid=1656108783&sr=8-21",
    "image": "https://m.media-amazon.com/images/I/71f9MMfSuyL._AC_SY606_.jpg",
    "isSponsored": false,
    "price": 41.23,
    "numberOfReviews": 295,
    "rating": 4.2,
    "resultPage": 1,
    "resultPosition": 1
  },
  {
    "title": "Amazon Brand - Eono Wireless Earbuds Eonobuds3 Bluetooth running headphones with Low-Latency In-Ear sport earphones with earhooks, IPX7 Waterproof, Touch Control, USB-C Charging(Gold)",
    "link": "https://www.amazon.co.uk/gp/slredirect/picassoRedirect.html/ref=pa_sp_btf_aps_sr_pg1_1?ie=UTF8&adId=A0270480BSYI5MD4RESD&url=%2FUMI-wireless-earphones-w2-gold%2Fdp%2FB0888545XV%2Fref%3Dsr_1_22_sspa%3Fkeywords%3Dheadphones%26qid%3D1656108783%26sr%3D8-22-spons%26psc%3D1&qualifier=1656108783&id=4189416066734272&widgetName=sp_btf",
    "image": "https://m.media-amazon.com/images/I/61d8S8jNcVL._AC_SX342_.jpg",
    "isSponsored": false,
    "price": null,
    "numberOfReviews": 576,
    "rating": 4,
    "resultPage": 1,
    "resultPosition": 1
  },
  {
    "title": "Rockpapa Comfort Over Ear Headphones Earphones for Kids Childs Boys Girls Adults, Tablet Computer Cellphones MP3/4 CD/DVD in Car/Airplane Black Green",
    "link": "https://www.amazon.co.uk/gp/slredirect/picassoRedirect.html/ref=pa_sp_atf_next_aps_sr_pg2_1?ie=UTF8&adId=A0247204KDDON4TQ4SSW&url=%2FRockPapa-Headphones-Earphones-Computer-SmartPhone-Green-Black%2Fdp%2FB018ZICAJ2%2Fref%3Dsr_1_17_sspa%3Fkeywords%3Dheadphones%26qid%3D1656108885%26sr%3D8-17-spons%26psc%3D1&qualifier=1656108885&id=4036603569800943&widgetName=sp_atf_next",
    "image": "https://m.media-amazon.com/images/I/614uVUMf63L._AC_SY355_.jpg",
    "isSponsored": false,
    "price": 12.54,
    "previousPrice": 12.99,
    "numberOfReviews": 8646,
    "rating": 4.5,
    "resultPage": 2,
    "resultPosition": 1
  },
  {
    "title": "REYTID Replacement Black 5N OFC Cable Compatible with Sennheiser IE8 IE80 IE8i Headphones Lead w/Mic Volume Control - Inline Remote Lead 525719",
    "link": "https://www.amazon.co.uk/gp/slredirect/picassoRedirect.html/ref=pa_sp_atf_next_aps_sr_pg2_1?ie=UTF8&adId=A0361765124N3IBG2FB3B&url=%2FREYTID-Replacement-Sennheiser-Headphones-Control-Black%2Fdp%2FB071SF5YF5%2Fref%3Dsr_1_18_sspa%3Fkeywords%3Dheadphones%26qid%3D1656108885%26sr%3D8-18-spons%26psc%3D1&qualifier=1656108885&id=4036603569800943&widgetName=sp_atf_next",
    "image": "https://m.media-amazon.com/images/I/51kAN74GpaL._AC_SY355_.jpg",
    "isSponsored": false,
    "price": 14.95,
    "previousPrice": 350,
    "numberOfReviews": 8,
    "rating": 2.9,
    "resultPage": 2,
    "resultPosition": 1
  },
  {
    "title": "Sony WH-XB910N EXTRA BASS™ Noise Cancelling Wireless Headphones - Up to 30 hours battery life - Over-ear style - Optimised for Alexa and Google Assistant - with built-in mic for phone calls - Black",
    "link": "https://www.amazon.co.uk/Sony-WH-XB910N-Cancelling-Wireless-Headphones-Black/dp/B09FKG4PP3/ref=sr_1_19?keywords=headphones&qid=1656108885&sr=8-19",
    "image": "https://m.media-amazon.com/images/I/71L8q7OI81L._AC_SY355_.jpg",
    "isSponsored": false,
    "price": 134.82,
    "previousPrice": 180,
    "numberOfReviews": 496,
    "rating": 4.5,
    "resultPage": 2,
    "resultPosition": 1
  },
  {
    "title": "Bose Noise Cancelling Headphones 700 — Over Ear, Wireless Bluetooth Headphones with Built-In Microphone for Clear Calls & Alexa Voice Control, Silver",
    "link": "https://www.amazon.co.uk/Bose-Noise-Cancelling-Headphones-Silver/dp/B07Q4QK379/ref=sr_1_20?keywords=headphones&qid=1656108885&sr=8-20",
    "image": "https://m.media-amazon.com/images/I/61+bXoMHXQL._AC_SX425_.jpg",
    "isSponsored": false,
    "price": null,
    "numberOfReviews": 4559,
    "rating": 4.5,
    "resultPage": 2,
    "resultPosition": 1
  },
  {
    "title": "Sennheiser HD 660 S Open, Dynamic Lightweight Circumaural Headphones with Low Impedence and Improved Transducer Design for Audiophiles, Black",
    "link": "https://www.amazon.co.uk/Sennheiser-Open-Dynamic-Headphones-Audiophiles-Black/dp/B07WX541ZJ/ref=sr_1_21?keywords=headphones&qid=1656108885&sr=8-21",
    "image": "https://m.media-amazon.com/images/I/81xKwnEO3fL._AC_SX425_.jpg",
    "isSponsored": false,
    "price": 399,
    "numberOfReviews": 824,
    "rating": 4.6,
    "resultPage": 2,
    "resultPosition": 1
  }
]
